<?xml version="1.0"?><Products><Product Code="java"><Description>Murach's Beginning Java</Description><Price>49.5</Price></Product><Product Code="jsps"><Description>Murach's Java Servlets and JSP</Description><Price>49.5</Price></Product><Product Code="mcb2"><Description>Murach's Mainframe COBOL</Description><Price>59.5</Price></Product><Product Code="teas"><Description>Writing XML File</Description><Price>9.0</Price></Product><Product Code="xmlb"><Description>I meant to say</Description><Price>90.0</Price></Product></Products>